b24fb785-2369-4ae8-b3b6-01a905c916f5,Vance,Jerde,littel.kieth@example.org,2012-05-05 14:54:26,2013-03-14 06:30:53,47022,1990,F,0,207.79.152.210
d1999ac2-21a6-4308-b899-419439eedbbc,Jasmyn,Ebert,haag.kristian@example.com,2013-03-08 06:04:21,2014-06-01 13:26:29,06774,1968,M,1,0.36.145.183
8c24dbaf-e50e-4b47-9fd6-da426752b6d4,Buffy,Labadie,herman.maximillian@example.com,2012-12-11 12:27:00,2014-04-08 09:53:24,87857,1946,M,1,22.204.93.67
73f2f95d-836c-47e8-9c49-2b0fce833f81,Lorinda,Leuschke,neely33@example.org,2011-05-15 13:57:07,2011-09-04 02:04:08,58555,1940,F,1,83.211.180.48
70b73459-ca76-4a49-9265-20009554c5cd,Harrie,Glover,pascal78@example.net,2014-03-30 07:43:55,2014-06-30 06:01:43,09141,1977,F,1,182.80.170.6
0bfda4be-2b44-40af-8cc8-b69104bf5dd0,Easton,Monahan,eathel.altenwerth@example.com,2012-10-03 19:28:25,2014-03-05 10:25:41,74609,1932,F,1,73.141.245.14
0b426079-50f4-493f-9d7b-90cf0e61c319,Argie,Donnelly,garrett50@example.org,2011-03-06 08:07:02,2013-04-25 14:34:28,51462,1988,M,1,101.29.235.222
f5c1fe3b-d86a-4b55-a254-082f8a0f2751,Zaria,Pagac,jkirlin@example.org,2010-10-08 07:22:02,2013-10-11 02:29:51,21415,1986,M,1,46.204.160.89
729790da-079b-4e89-9e92-e559be1a23fe,Orley,Schmitt,icie.brekke@example.com,2010-06-22 19:30:51,2010-11-22 10:14:41,45642,1993,M,1,188.97.132.160
672348b7-c222-473d-acd2-bc864a8c757f,Marchello,Schmidt,czulauf@example.org,2011-06-22 10:23:25,2011-12-06 23:55:09,39234,1945,M,1,252.146.60.218
